time,frequency,value
0.00390625,0,20.188491912499536
0.25390625,0,26.930539965104806
0.50390625,0,29.213644997299678
0.75390625,0,21.094338054162133
1.00390625,0,8.353774875283822
1.25390625,0,-4.005011607169958
1.50390625,0,-13.77959066496491
1.75390625,0,-21.14652314177636
2.00390625,0,-26.867152252956448
2.25390625,0,-31.497345811068705
2.50390625,0,-35.37640025376625
2.75390625,0,-38.71414584427984
3.00390625,0,-41.6463822815193
3.25390625,0,-44.265018054892344
3.50390625,0,-46.63471706675972
0.00390625,2,-48.80250337336967
0.25390625,2,-50.803553362068136
0.50390625,2,-52.66482987374697
0.75390625,2,-54.40744283119039
1.00390625,2,-56.04823000427959
1.25390625,2,-57.60084433869572
1.50390625,2,-59.076519913196904
1.75390625,2,-60.484623125389476
2.00390625,2,-61.83305699254394
2.25390625,2,-63.12856288117979
2.50390625,2,-64.37694924519802
2.75390625,2,-65.58326752171232
3.00390625,2,-66.7519491637243
3.25390625,2,-67.88691367348078
3.50390625,2,-68.9916547031355
0.00390625,4,-70.06930935668507
0.25390625,4,-71.12271446745319
0.50390625,4,-72.15445265930832
0.75390625,4,-73.16689029924065
1.00390625,4,-74.16220892923474
1.25390625,4,-75.14243138825034
1.50390625,4,-76.10944353481271
1.75390625,4,-77.06501225833136
2.00390625,4,-78.01080028113716
2.25390625,4,-78.94837810034517
2.50390625,4,-79.87923328491532
2.75390625,4,-80.8047772109912
3.00390625,4,-81.72634918122401
3.25390625,4,-82.64521771702285
3.50390625,4,-83.5625786166961
0.00390625,6,-84.47954909229489
0.25390625,6,-85.39715691261668
0.50390625,6,-86.31632291456803
0.75390625,6,-87.23783432851776
1.00390625,6,-88.16230504535396
1.25390625,6,-89.09011679567192
1.50390625,6,-90.02133197361579
1.75390625,6,-90.95556376308423
2.00390625,6,-91.89178176129539
2.25390625,6,-92.82802048240455
2.50390625,6,-93.76094404764756
2.75390625,6,-94.68520511636191
3.00390625,6,-95.59252852456609
3.25390625,6,-96.47047360206608
3.50390625,6,-97.30093448173722
0.00390625,8,-98.05870770840725
0.25390625,8,-98.71095952239443
0.50390625,8,-99.2190268812904
0.75390625,8,-99.54402735563419
1.00390625,8,-3.2588587211017
1.25390625,8,12.331626529155539
1.50390625,8,25.28777199931879
1.75390625,8,29.635367127551014
2.00390625,8,23.759431888567516
2.25390625,8,10.697943061433746
2.50390625,8,-2.885659415799144
2.75390625,8,-14.169022938692784
3.00390625,8,-23.01239076498019
3.25390625,8,-30.100849071728497
3.50390625,8,-35.951509965984656
0.00390625,10,-40.83891222547181
0.25390625,10,-44.89243203687703
0.50390625,10,-48.18727977302498
0.75390625,10,-50.81183222019191
1.00390625,10,-52.89001438742542
1.25390625,10,-54.55994626722247
1.50390625,10,-55.94329886300379
1.75390625,10,-57.13102442767702
2.00390625,10,-58.18485438982121
2.25390625,10,-59.14480449482635
2.50390625,10,-60.03651330354225
2.75390625,10,-60.87658549204761
3.00390625,10,-61.67605103527886
3.25390625,10,-62.442496118563696
3.50390625,10,-63.181353916640084
0.00390625,12,-63.89668703684051
0.25390625,12,-64.59166695494932
0.50390625,12,-65.26887283555034
0.75390625,12,-65.9304818505011
1.00390625,12,-66.5783935496462
1.25390625,12,-67.2143136175334
1.50390625,12,-67.83981231086675
1.75390625,12,-68.45636696187633
2.00390625,12,-69.06539442933217
2.25390625,12,-69.66827728581804
2.50390625,12,-70.26638626279205
2.75390625,12,-70.86110071742266
3.00390625,12,-71.45382844828868
3.25390625,12,-72.04602594423625
3.50390625,12,-72.63922006087363
0.00390625,14,-73.23503214234678
0.25390625,14,-73.83520572161741
0.50390625,14,-74.44163917607655
0.75390625,14,-75.0564250764844
1.00390625,14,-75.681898526179907
1.25390625,14,-76.32069759464257
1.50390625,14,-76.97584015715408
1.75390625,14,-77.65082324536466
2.00390625,14,-78.34975373952997
2.25390625,14,-79.07752349505023
2.50390625,14,-79.84004874543372
2.75390625,14,-80.64460476422838
3.00390625,14,-81.50030558610277
3.25390625,14,-82.41881187881661
3.50390625,14,-83.41541128488024
0.00390625,16,-84.5107346503511
0.25390625,16,-85.7336178966063
0.50390625,16,-87.12616962755449
0.75390625,16,-88.75345828187989
1.00390625,16,-90.72400369876436
1.25390625,16,-93.23970067169648
1.50390625,16,-96.74635897689794
1.75390625,16,-102.5883633343375
2.00390625,16,-9.965494113298414
2.25390625,16,-3.196171106197826
2.50390625,16,9.79401987164124
2.75390625,16,22.878366500533932
3.00390625,16,29.56598644996901
3.25390625,16,25.93552264009869
3.50390625,16,13.349993178743064
0.00390625,18,-0.21455263307614578
0.25390625,18,-11.351545131381592
0.50390625,18,-19.678387345394096
0.75390625,18,-25.985297771263536
1.00390625,18,-30.96442029370618
1.25390625,18,-35.04857198514932
1.50390625,18,-38.502831995243234
1.75390625,18,-41.49573036363595
2.00390625,18,-44.13903982138435
2.25390625,18,-46.50977644923023
2.50390625,18,-48.662812119964315
2.75390625,18,-50.63840103899718
3.00390625,18,-52.46683982761211
3.25390625,18,-54.17144957389503
3.50390625,18,-55.77054134473249
0.00390625,20,-57.27874661911613
0.25390625,20,-58.70793973549027
0.50390625,20,-60.06789149861312
0.75390625,20,-61.366741475741186
1.00390625,20,-62.61134537995849
1.25390625,20,-63.807534689544134
1.50390625,20,-64.9603134771881
1.75390625,20,-66.07400954300797
2.00390625,20,-67.15239176586506
2.25390625,20,-68.19876208314868
2.50390625,20,-69.21602814419839
2.75390625,20,-70.20676100399358
3.00390625,20,-71.17324106695833
3.25390625,20,-72.11749462890903
3.50390625,20,-73.04132277322294
0.00390625,22,-73.94632387216478
0.25390625,22,-74.83391064310698
0.50390625,22,-75.70532236784584
0.75390625,22,-76.56163270459724
1.00390625,22,-77.40375328192832
1.25390625,22,-78.23243309116415
1.50390625,22,-79.04825353063767
1.75390625,22,-79.85161872810339
2.00390625,22,-80.64274064178142
2.25390625,22,-81.42161816083082
2.50390625,22,-82.18800930366987
2.75390625,22,-82.94139534090327
3.00390625,22,-83.68093562523059
3.25390625,22,-84.40541183557423
3.50390625,22,-85.11316068784984
0.00390625,24,-85.80199487268722
0.25390625,24,-86.46911364101942
0.50390625,24,-87.11100709888278
0.75390625,24,-87.72336297370018
1.00390625,24,-88.3009909906668
1.25390625,24,-88.83778849877503
1.50390625,24,-89.3267800351004
1.75390625,24,-89.7602697512443
2.00390625,24,-90.13014400527176
2.25390625,24,-90.42834417374999
2.50390625,24,-90.64749333106113
2.75390625,24,-90.78160717481347
3.00390625,24,-23.907604928015473
3.25390625,24,-15.571884306098735
3.50390625,24,-5.069206747285514
0.00390625,26,7.182487018929829
0.25390625,26,20.09235135760465
0.50390625,26,28.993023224655722
0.75390625,26,27.621856908212195
1.00390625,26,16.294125940954984
1.25390625,26,3.209100735529464
1.50390625,26,-7.846702819099029
1.75390625,26,-16.108672968219516
2.00390625,26,-22.32433420484012
2.25390625,26,-27.228566388255643
2.50390625,26,-31.268039179676283
2.75390625,26,-34.70427108748397
3.00390625,26,-37.69834267362515
3.25390625,26,-40.35541848282378
3.50390625,26,-42.747690351454224
0.00390625,28,-44.9267934542105
0.25390625,28,-46.9309195603767
0.50390625,28,-48.789110355575
0.75390625,28,-50.523968237148516
1.00390625,28,-52.15343504385254
1.25390625,28,-53.69199818350402
1.50390625,28,-55.15153189831729
1.75390625,28,-56.5418985509486
2.00390625,28,-57.8713876492267
2.25390625,28,-59.147042470645005
2.50390625,28,-60.37490715280175
2.75390625,28,-61.56021642761786
3.00390625,28,-62.70754330000166
3.25390625,28,-63.82091542200877
3.50390625,28,-64.90390785022626
0.00390625,30,-65.95971778160065
0.25390625,30,-66.99122537446935
0.50390625,30,-68.00104376287557
0.75390625,30,-68.99156056415245
1.00390625,30,-69.96497270618276
1.25390625,30,-70.92331593686625
1.50390625,30,-71.86849013494724
1.75390625,30,-72.80228125564854
2.00390625,30,-73.72638063387672
2.25390625,30,-74.64240212292674
2.50390625,30,-75.55189750153835
2.75390625,30,-76.45637032348831
3.00390625,30,-77.35728820163294
3.25390625,30,-78.25609320487521
3.50390625,30,-79.15420949796352
0.00390625,32,-80.05304647712153
0.25390625,32,-80.95399437478738
0.50390625,32,-81.85840683697526
0.75390625,32,-82.76756130864952
1.00390625,32,-83.68258173529306
1.25390625,32,-84.60429788247887
1.50390625,32,-85.53299906762469
1.75390625,32,-86.46801470640267
2.00390625,32,-87.40701630605025
2.25390625,32,-88.34488809772465
2.50390625,32,-89.27197382298267
2.75390625,32,-90.17154219302178
3.00390625,32,-91.0165938663429
3.25390625,32,-91.76697248272657
3.50390625,32,-92.36936472623186
0.00390625,34,-92.76430501041946
0.25390625,34,-23.69416541546293
0.50390625,34,-21.204266922769914
0.75390625,34,-15.345277337584315
1.00390625,34,-7.044932217292654
1.25390625,34,4.0605802880899535
1.50390625,34,17.017316679816005
1.75390625,34,27.932675781835194
2.00390625,34,28.796771228286282
2.25390625,34,19.386977230548574
2.50390625,34,6.491497010083346
2.75390625,34,-5.2851840154660925
3.00390625,34,-14.330372624244292
3.25390625,34,-21.132986485916938
3.50390625,34,-26.47368159795125
0.00390625,36,-30.85889410432493
0.25390625,36,-34.584468762081
0.50390625,36,-37.83008359720366
0.75390625,36,-40.71153512599121
1.00390625,36,-43.30757226610511
1.25390625,36,-45.6741977025687
1.50390625,36,-47.85272702062102
1.75390625,36,-49.87457982373806
2.00390625,36,-51.76426567271841
2.25390625,36,-53.54132245530715
2.50390625,36,-55.221619800028776
2.75390625,36,-56.81826273957233
3.00390625,36,-58.342235256641374
3.25390625,36,-59.80286961694965
3.50390625,36,-61.208196074505665
0.00390625,38,-62.565208598672996
0.25390625,38,-63.880070545183116
0.50390625,38,-65.15827668745503
0.75390625,38,-66.4047831143065
1.00390625,38,-67.62411326980009
1.25390625,38,-68.82044615887796
1.50390625,38,-69.99769126348001
1.75390625,38,-71.15955361227263
2.00390625,38,-72.30959177783748
2.25390625,38,-73.45127100547282
2.50390625,38,-74.58801339440735
2.75390625,38,-75.72324683666889
3.00390625,38,-76.86045426181192
3.25390625,38,-78.00322485906985
3.50390625,38,-79.15530880827052
0.00390625,40,-80.32067739738119
0.25390625,40,-81.50359048033289
0.50390625,40,-82.70867351822771
0.75390625,40,-83.94100673935375
1.00390625,40,-85.20622923843467
1.25390625,40,-86.51066060616154
1.50390625,40,-87.86144243681477
1.75390625,40,-89.26669968814932
2.00390625,40,-90.73571687483948
2.25390625,40,-92.27911231613193
2.50390625,40,-93.90896700704387
2.75390625,40,-95.63880656108904
3.00390625,40,-97.48320782062169
3.25390625,40,-99.45652286488664
3.50390625,40,-101.56960624157813
0.00390625,42,-103.82215319344954
0.25390625,42,-106.18582623823029
0.50390625,42,-108.5702004383165
0.75390625,42,-110.76656574562092
1.00390625,42,-112.40092544703364
1.25390625,42,-34.01935460033141
1.50390625,42,-31.1232085060962
1.75390625,42,-25.61232258021395
2.00390625,42,-18.98619630631855
2.25390625,42,-10.578243643904667
2.50390625,42,0.5366265762095584
2.75390625,42,14.005952158828045
3.00390625,42,26.36937356278915
3.25390625,42,29.47591641828872
3.50390625,42,22.276724974505797
0.00390625,44,9.268714242016571
0.25390625,44,-3.6719871604688015
0.50390625,44,-14.087180346703654
0.75390625,44,-22.047906514178223
1.00390625,44,-28.30652617685185
1.25390625,44,-33.428491392211825
1.50390625,44,-37.76034055094695
1.75390625,44,-41.517157122023775
2.00390625,44,-44.83931507065405
2.25390625,44,-47.82307378375983
2.50390625,44,-50.53730175229873
2.75390625,44,-53.033063191258314
3.00390625,44,-55.349391668453464
3.25390625,44,-57.5169262332269
3.50390625,44,-59.56029336516974
0.00390625,46,-61.49972267549816
0.25390625,46,-63.352177665802934
0.50390625,46,-65.13216992667488
0.75390625,46,-66.85236072412005
1.00390625,46,-68.52401542181349
1.25390625,46,-70.15735190072513
1.50390625,46,-71.76180708104786
1.75390625,46,-73.34623153874054
2.00390625,46,-74.91900709228932
2.25390625,46,-76.48806102293177
2.50390625,46,-78.06071637350064
2.75390625,46,-79.64325727994344
3.00390625,46,-81.23998160033108
3.25390625,46,-82.85133158119315
3.50390625,46,-84.47042663776423
0.00390625,48,-86.07708840518856
0.25390625,48,-87.62886006856284
0.50390625,48,-89.05138777408551
0.75390625,48,-90.23832164091917
1.00390625,48,-91.07881363590222
1.25390625,48,-91.51439695197863
1.50390625,48,-91.57942772385854
1.75390625,48,-91.37799918634815
2.00390625,48,-91.02528892027851
2.25390625,48,-90.60930010452195
2.50390625,48,-90.18444598587328
2.75390625,48,-89.7798508654297
3.00390625,48,-89.40906957641509
3.25390625,48,-89.07704017440098
3.50390625,48,-88.78427426672202
0.00390625,50,-88.52919180929396
0.25390625,50,-88.30936831251654
0.50390625,50,-88.1221799164946
0.75390625,50,-87.96512540610976
1.00390625,50,-87.83597733383624
1.25390625,50,-87.73284509275194
1.50390625,50,-87.65419423858118
1.75390625,50,-87.5988454290033
2.00390625,50,-87.56596605760068
2.25390625,50,-71.99981436031449
2.50390625,50,-44.473193632715784
2.75390625,50,-36.62318127299181
3.00390625,50,-29.9050082799489
3.25390625,50,-22.575764196722204
3.50390625,50,-13.668842198581231
0.00390625,52,-2.32948240765774
0.25390625,52,11.303037922239966
0.50390625,52,24.29587305897773
0.75390625,52,29.66922517057317
1.00390625,52,24.74812733637865
1.25390625,52,11.815049910540223
1.50390625,52,-1.8676377169806373
1.75390625,52,-13.214944454696347
2.00390625,52,-21.95760541068949
2.25390625,52,-28.792898437510686
2.50390625,52,-34.29672582071058
2.75390625,52,-38.82313680611104
3.00390625,52,-42.59462016712752
3.25390625,52,-45.7653700403887
3.50390625,52,-48.45298945183992
0.00390625,54,-50.75239791324087
0.25390625,54,-52.741358715365436
0.50390625,54,-54.48296705306784
0.75390625,54,-56.02753713068601
1.00390625,54,-57.41458450345515
1.25390625,54,-58.674856166623485
1.50390625,54,-59.83220886215286
1.75390625,54,-60.905205598520666
2.00390625,54,-61.908395498526346
2.25390625,54,-62.853302265991545
2.50390625,54,-63.749171111788826
2.75390625,54,-64.60352708047877
3.00390625,54,-65.42259112753919
3.25390625,54,-66.21159109934815
3.50390625,54,-66.97499578027382
0.00390625,56,-67.7166930753271
0.25390625,56,-68.44012762385229
0.50390625,56,-69.14840910147375
0.75390625,56,-69.84439944138049
1.00390625,56,-70.53078508045992
1.25390625,56,-71.21013890041606
1.50390625,56,-71.88497545993815
1.75390625,56,-72.5578025098561
2.00390625,56,-73.2311713365306
2.25390625,56,-73.90772837785997
2.50390625,56,-74.59027041242972
2.75390625,56,-75.28180594340932
3.00390625,56,-75.98562557038387
3.25390625,56,-76.70538460609005
3.50390625,56,-77.4452016656839
0.00390625,58,-78.20977715622705
0.25390625,58,-79.00453536361314
0.50390625,58,-79.83579124708741
0.75390625,58,-80.71093615996699
1.00390625,58,-81.63861696789569
1.25390625,58,-82.62883415503465
1.50390625,58,-83.69276126732095
1.75390625,58,-84.84178256903374
2.00390625,58,-86.08448650629201
2.25390625,58,-87.41853731972972
2.50390625,58,-88.81057251117683
2.75390625,58,-90.15330229155224
3.00390625,58,-91.20601217646433
3.25390625,58,-43.424511110869155
3.50390625,58,-41.626191721552416
0.00390625,60,-37.80095418600909
0.25390625,60,-33.26907668333019
0.50390625,60,-28.09205862426667
0.75390625,60,-21.916994079589216
1.00390625,60,-14.145629809326401
1.25390625,60,-3.982584963878828
1.50390625,60,8.74479214546291
1.75390625,60,21.73267267593225
2.00390625,60,29.379519129515966
2.25390625,60,26.72133945380612
2.50390625,60,14.576338492720822
2.75390625,60,1.206855927446748
3.00390625,60,-9.82405221480236
3.25390625,60,-18.03091941910652
3.50390625,60,-24.218549317670654
0.00390625,62,-29.103013999242037
0.25390625,62,-33.12044545724447
0.50390625,62,-36.530295578006246
0.75390625,62,-39.49426899782277
1.00390625,62,-42.11857991668455
1.25390625,62,-44.4762855821628
1.50390625,62,-46.61961634329317
1.75390625,62,-48.587134427607275
2.00390625,62,-50.4080883611046
2.25390625,62,-52.10517233711915
2.50390625,62,-53.69633818312035
2.75390625,62,-55.196022538864895
3.00390625,62,-56.61600057380205
3.25390625,62,-57.965993897044626
3.50390625,62,-59.254112255345106
0.00390625,64,-60.487180075088666
0.25390625,64,-61.670981428886236
0.50390625,64,-62.81044602303481
0.75390625,64,-63.90979169936391
1.00390625,64,-64.97263424703117
1.25390625,64,-66.00207223973959
1.50390625,64,-67.00075231519223
1.75390625,64,-67.97091895980779
2.00390625,64,-68.9144516703972
2.25390625,64,-69.83289163106494
2.50390625,64,-70.72745958603358
2.75390625,64,-71.59906604274934
3.00390625,64,-72.44831481406149
3.25390625,64,-73.27550078906846
3.50390625,64,-74.08060260782203
0.00390625,66,-74.86327118145368
0.25390625,66,-75.62281501653037
0.50390625,66,-76.3581837122302
0.75390625,66,-77.06795123343426
1.00390625,66,-77.75030134743082
1.25390625,66,-78.40301796809624
1.50390625,66,-79.023484073084
1.75390625,66,-79.60869338795197
2.00390625,66,-80.15527953800544
2.25390625,66,-80.6595674812529
2.50390625,66,-81.11765132992684
2.75390625,66,-81.52550130384923
3.00390625,66,-81.87909977317193
3.25390625,66,-82.17460254919675
3.50390625,66,-82.408517188714
0.00390625,68,-82.57788504576308
0.25390625,68,-82.68045060576435
0.50390625,68,-47.94651199059207
0.75390625,68,-44.82953816467432
1.00390625,68,-40.15234217096369
1.25390625,68,-35.805715734919474
1.50390625,68,-31.485634415390496
1.75390625,68,-26.807922326355893
2.00390625,68,-21.365949182377456
2.25390625,68,-14.602219266890557
2.50390625,68,-5.708625834922221
2.75390625,68,5.889549566609519
3.00390625,68,18.783039485476955
3.25390625,68,28.601487340950392
3.50390625,68,28.18521528318732
0.00390625,70,17.627335799245433
0.25390625,70,4.687367068012067
0.50390625,70,-6.591254969764715
0.75390625,70,-15.116640465514042
1.00390625,70,-21.54190444388284
1.25390625,70,-26.616123290934706
1.50390625,70,-30.80269997571483
1.75390625,70,-34.37149401553445
2.00390625,70,-37.48751486959641
2.25390625,70,-40.25797051023386
2.50390625,70,-42.756305205442786
2.75390625,70,-45.03506684429964
3.00390625,70,-47.133206230853055
3.25390625,70,-49.08044682744052
3.50390625,70,-50.90002615246328
0.00390625,72,-52.6104859951057
0.25390625,72,-54.226882271955894
0.50390625,72,-55.761627101556215
0.75390625,72,-57.22508995080975
1.00390625,72,-58.62603629436834
1.25390625,72,-59.97195381735685
1.50390625,72,-61.26929892854512
1.75390625,72,-62.52368558437866
2.00390625,72,-63.74003149929165
2.25390625,72,-64.92267215138831
2.50390625,72,-66.07545006231821
2.75390625,72,-67.20178444813197
3.00390625,72,-68.30472504011526
3.25390625,72,-69.38699251220142
3.50390625,72,-70.45100724775837
0.00390625,74,-71.49890736065862
0.25390625,74,-72.53255622687934
0.50390625,74,-73.5535393550931
0.75390625,74,-74.56314951110657
1.00390625,74,-75.5623586605368
1.25390625,74,-76.55177424821139
1.50390625,74,-77.53157648784655
1.75390625,74,-78.50143233376446
2.00390625,74,-79.46038024554942
2.25390625,74,-80.40667905435637
2.50390625,74,-81.33761280613078
2.75390625,74,-82.24924423355381
3.00390625,74,-83.13611256339718
3.25390625,74,-83.99088124649748
3.50390625,74,-84.803961700216007
0.00390625,76,-85.56317861935472
0.25390625,76,-86.25360256411221
0.50390625,76,-86.85775088012099
0.75390625,76,-87.35641083873264
1.00390625,76,-87.73029288931554
1.25390625,76,-87.9624894446579
1.50390625,76,-50.74613709149672
1.75390625,76,-48.14077038926672
2.00390625,76,-43.96815919013206
2.25390625,76,-40.073081225206465
2.50390625,76,-36.31783491410017
2.75390625,76,-32.42068345089308
3.00390625,76,-28.1071437825003
3.25390625,76,-23.049891146299167
3.50390625,76,-16.7672489931155
0.00390625,78,-8.5069288560421
0.25390625,78,2.5229697464216287
0.50390625,78,15.692740222389933
0.75390625,78,27.326240922119606
1.00390625,78,29.147051019526376
1.25390625,78,20.668384977958247
1.50390625,78,7.738666674787098
1.75390625,78,-4.527154868748831
2.00390625,78,-14.124729199940514
2.25390625,78,-21.373343328165753
2.50390625,78,-27.05812309489106
2.75390625,78,-31.718462019465083
3.00390625,78,-35.67415518758273
3.25390625,78,-39.11995923427951
3.50390625,78,-42.18126292038213
0.00390625,80,-44.94317495825779
0.25390625,80,-47.46612712209783
0.50390625,80,-49.794684647901384
0.75390625,80,-51.962783897321884
1.00390625,80,-53.99699414325535
1.25390625,80,-55.918634027996326
1.50390625,80,-57.74519604294397
1.75390625,80,-59.491337824196165
2.00390625,80,-61.16959421098808
2.25390625,80,-62.7909051773515
2.50390625,80,-64.36502071572195
2.75390625,80,-65.90082341300278
3.00390625,80,-67.40659736817534
3.25390625,80,-68.89026479246327
3.50390625,80,-70.35960786849675
0.00390625,82,-71.82249180747239
0.25390625,82,-73.28710608614405
0.50390625,82,-74.76224364091401
0.75390625,82,-76.257644637906
1.00390625,82,-77.7844414767465
1.25390625,82,-79.35576061859234
1.50390625,82,-80.98756459659617
1.75390625,82,-82.69986335815155
2.00390625,82,-84.51848640551916
2.25390625,82,-86.4776625233022
2.50390625,82,-88.62352290037143
2.75390625,82,-91.01736994069108
3.00390625,82,-93.73008956208952
3.25390625,82,-96.77879566188174
3.50390625,82,-99.78387822743278
0.00390625,84,-101.22244466362926
0.25390625,84,-100.18203169237103
0.50390625,84,-98.31036679196905
0.75390625,84,-96.64814626164281
1.00390625,84,-95.349319843026
1.25390625,84,-94.36513038658
1.50390625,84,-93.63266869189152
1.75390625,84,-93.10405386022973
2.00390625,84,-92.74666528479953
2.25390625,84,-92.53980919165647
2.50390625,84,-54.23244710927578
2.75390625,84,-53.0329197062164
3.00390625,84,-50.38344653119029
3.25390625,84,-47.32530909125803
3.50390625,84,-44.11186421044859
0.00390625,86,-40.681027531767114
0.25390625,86,-36.879065743730976
0.50390625,86,-32.49622408923293
0.75390625,86,-27.240782254794148
1.00390625,86,-20.675614321839824
1.25390625,86,-12.132848811361248
1.50390625,86,-0.8554140133881917
1.75390625,86,12.804739769991214
2.00390625,86,25.54326370022764
2.25390625,86,29.61784781574326
2.50390625,86,23.394448082000178
2.75390625,86,10.357460691013276
3.00390625,86,-3.030961429704042
3.25390625,86,-14.04810786905891
3.50390625,86,-22.620374654814462
0.00390625,88,-29.478011235019437
0.25390625,88,-35.19615960066959
0.50390625,88,-40.1299351365364
0.75390625,88,-44.498658722081395
1.00390625,88,-48.44255440657085
1.25390625,88,-52.052401231626114
1.50390625,88,-55.384176340831914
1.75390625,88,-58.46558023550049
2.00390625,88,-61.298549240078
2.25390625,88,-63.86172517553101
2.50390625,88,-66.11798940839861
2.75390625,88,-68.03115913098203
3.00390625,88,-69.58838247877858
3.25390625,88,-70.81446915490032
3.50390625,88,-71.7665933234777
0.00390625,90,-72.51473715230695
0.25390625,90,-73.12322131751036
0.50390625,90,-73.64183945902978
0.75390625,90,-74.10520649872113
1.00390625,90,-74.53579612440903
1.25390625,90,-74.94754452831593
1.50390625,90,-75.34878117660756
1.75390625,90,-75.74428434036216
2.00390625,90,-76.13662040671866
2.25390625,90,-76.52698190514991
2.50390625,90,-76.91569810796808
2.75390625,90,-77.3025384779822
3.00390625,90,-77.6868870003754
3.25390625,90,-78.06783624615488
3.50390625,90,-78.44423156316309
0.00390625,92,-78.81468451243313
0.25390625,92,-79.17756800934161
0.50390625,92,-79.5310021820275
0.75390625,92,-79.8728376883569
1.00390625,92,-80.20064334404638
1.25390625,92,-80.51170425498206
1.50390625,92,-80.80303754977095
1.75390625,92,-81.071432374845
2.00390625,92,-81.31352028042247
2.25390625,92,-81.5258794511552
2.50390625,92,-81.70517255191993
2.75390625,92,-81.84831211691056
3.00390625,92,-81.95264051163143
3.25390625,92,-82.0161054462859
3.50390625,92,-59.960987771917964
0.00390625,94,-59.15259528708826
0.25390625,94,-57.09716591405281
0.50390625,94,-54.36538358794449
0.75390625,94,-51.24537992994355
1.00390625,94,-47.80443562163156
1.25390625,94,-44.009034736186095
1.50390625,94,-39.77159496518596
1.75390625,94,-34.952248106281154
2.00390625,94,-29.33313370498549
2.25390625,94,-22.56222044595588
2.50390625,94,-14.068520791347899
2.75390625,94,-3.1227426057776397
3.00390625,94,10.21555294883806
3.25390625,94,23.253580702465293
3.50390625,94,29.6045059846192
0.00390625,96,25.656020707904904
0.25390625,96,12.95646460380031
0.50390625,96,-0.6826616091054436
0.75390625,96,-11.918318291931097
1.00390625,96,-20.375587400220475
1.25390625,96,-26.80641283195235
1.50390625,96,-31.872694339853624
1.75390625,96,-35.997023627861196
2.00390625,96,-39.44643987938757
2.25390625,96,-42.39634181653855
2.50390625,96,-44.96627773690644
2.75390625,96,-47.240245050771826
3.00390625,96,-49.27881004966202
3.25390625,96,-51.12666529838489
3.50390625,96,-52.81749689322446
0.00390625,98,-54.37719916287128
0.25390625,98,-55.826043828828205
0.50390625,98,-57.18017237182168
0.75390625,98,-58.45264162524597
1.00390625,98,-59.65416911483857
1.25390625,98,-60.79367314864311
1.50390625,98,-61.878670267169504
1.75390625,98,-62.915571932556716
2.00390625,98,-63.90990890778167
2.25390625,98,-64.86650276249235
2.50390625,98,-65.78959813860075
2.75390625,98,-66.68296503762545
3.00390625,98,-67.54997773846151
3.25390625,98,-68.39367452659876
3.50390625,98,-69.21680102757045
0.00390625,100,-70.02183823307459
0.25390625,100,-70.81101511551839
0.50390625,100,-71.58630437013024
0.75390625,100,-72.34939792084802
1.00390625,100,-73.10165722060346
1.25390625,100,-73.84403064362174
1.50390625,100,-74.57692765287928
1.75390625,100,-75.30003623367675
2.00390625,100,-76.01206723502304
2.25390625,100,-76.71041038270462
2.50390625,100,-77.3906909620158
2.75390625,100,-78.0462387386981
3.00390625,100,-78.66752278490283
3.25390625,100,-79.24168766260996
3.50390625,100,-79.7524419155642
0.00390625,102,-80.18066457924307
0.25390625,102,-80.5060987048585
0.50390625,102,-80.71023531505459
0.75390625,102,-50.25480094245529
1.00390625,102,-49.99230938964629
1.25390625,102,-49.21786824050544
1.50390625,102,-47.9650494042717
1.75390625,102,-46.27465246852293
2.00390625,102,-44.18015676321404
2.25390625,102,-41.696202093030415
2.50390625,102,-38.81007279768844
2.75390625,102,-35.47310721822009
3.00390625,102,-31.587031255076493
3.25390625,102,-26.977326393255943
3.50390625,102,-21.33989787624732
0.00390625,104,-14.14780410991879
0.25390625,104,-4.62062454444272
0.50390625,104,7.581979344153989
0.75390625,104,20.505213218189724
1.00390625,104,29.10630747911209
1.25390625,104,27.410849497492627
1.50390625,104,15.861709286478012
1.75390625,104,2.7191161654098854
2.00390625,104,-8.309928587238517
2.25390625,104,-16.55082646385113
2.50390625,104,-22.768844472745286
2.75390625,104,-27.689654638391627
3.00390625,104,-31.752228049970057
3.25390625,104,-35.21357492989875
3.50390625,104,-38.23203765048043
0.00390625,106,-40.91101796530932
0.25390625,106,-43.32154646329237
0.50390625,106,-45.51450562769264
0.75390625,106,-47.52763020133716
1.00390625,106,-49.38972799316454
1.25390625,106,-51.12334160290754
1.50390625,106,-52.746493369450576
1.75390625,106,-54.273868518438476
2.00390625,106,-55.71764155302533
2.25390625,106,-57.08806905515007
2.50390625,106,-58.39392549605306
2.75390625,106,-59.642831265179154
3.00390625,106,-60.841505481127484
3.25390625,106,-61.99596572530461
3.50390625,106,-63.11169031507431
0.00390625,108,-64.193754398205
0.25390625,108,-65.24694863249627
0.50390625,108,-66.27588727991923
0.75390625,108,-67.28511206358229
1.00390625,108,-68.2791975969759
1.25390625,108,-69.26286488772388
1.50390625,108,-70.24111053491411
1.75390625,108,-71.21936167536039
2.00390625,108,-72.2036703267894
2.25390625,108,-73.20096749680523
2.50390625,108,-74.21940765590298
2.75390625,108,-75.2688526206642
3.00390625,108,-76.36157518343963
3.25390625,108,-77.51332147069678
3.50390625,108,-78.74498304375572
0.00390625,110,-80.08535819096821
0.25390625,110,-81.5759852450388
0.50390625,110,-83.28023318884365
0.75390625,110,-85.30205004811296
1.00390625,110,-87.82962474006901
1.25390625,110,-91.25479453129535
1.50390625,110,-96.54823966909305
1.75390625,110,-48.690713326800136
2.00390625,110,-48.49607457290017
2.25390625,110,-47.91866377486158
2.50390625,110,-46.975501951857666
2.75390625,110,-45.687897203083196
3.00390625,110,-44.07413055256501
3.25390625,110,-42.14304289674462
3.50390625,110,-39.88885678532767
0.00390625,112,-37.28616967387086
0.25390625,112,-34.28310274365623
0.50390625,112,-30.789388251207136
0.75390625,112,-26.653482877845974
1.00390625,112,-21.616797627308802
1.25390625,112,-15.226296033502729
1.50390625,112,-6.741074364784632
1.75390625,112,4.501424981178435
2.00390625,112,17.454249444494614
2.25390625,112,28.11674943237772
2.50390625,112,28.65802753316117
2.75390625,112,18.953752793227952
3.00390625,112,6.062545535092059
3.25390625,112,-5.579080289034611
3.50390625,112,-14.494920882577356
0.00390625,114,-21.218215833919103
0.25390625,114,-26.52000216443126
0.50390625,114,-30.893109209722816
0.75390625,114,-34.62455666967
1.00390625,114,-37.88858287712665
1.25390625,114,-40.797448456062185
1.50390625,114,-43.42744146358246
1.75390625,114,-45.83274040302088
2.00390625,114,-48.05323576319053
2.25390625,114,-50.119187123188965
2.50390625,114,-52.05413041208375
2.75390625,114,-53.876768467747596
3.00390625,114,-55.60224469091722
3.25390625,114,-57.24302815526666
3.50390625,114,-58.8095460199727
0.00390625,116,-60.31064720645995
0.25390625,116,-61.75395083492746
0.50390625,116,-63.14611484117393
0.75390625,116,-64.49304866427495
1.00390625,116,-65.8000870792962
1.25390625,116,-67.07213743059324
1.50390625,116,-68.31381006140617
1.75390625,116,-69.5295398041443
2.00390625,116,-70.72370597234462
2.25390625,116,-71.9007582786535
2.50390625,116,-73.06535710462107
2.75390625,116,-74.22253895295461
3.00390625,116,-75.37792128665996
3.25390625,116,-76.53796787780219
3.50390625,116,-77.7103460712766
0.00390625,118,-78.90442629122131
0.25390625,118,-80.13200628262308
0.50390625,118,-81.40840376518808
0.75390625,118,-82.75417722455332
1.00390625,118,-84.19797725297015
1.25390625,118,-85.7815679012492
1.50390625,118,-87.56937186662341
1.75390625,118,-89.6685159561734
2.00390625,118,-92.2771003747914
2.25390625,118,-95.82626415051224
2.50390625,118,-101.55231011618875
2.75390625,118,-50.595876626384765
3.00390625,118,-50.45503997697726
3.25390625,118,-50.03408683413114
3.50390625,118,-49.33705892063048
0.00390625,120,-48.36875197461498
0.25390625,120,-47.132247895386676
0.50390625,120,-45.62605909567331
0.75390625,120,-43.84100715399892
1.00390625,120,-41.75660607128694
1.25390625,120,-39.336278632016366
1.50390625,120,-36.520097049297114
1.75390625,120,-33.21257967010117
2.00390625,120,-29.26067174250705
2.25390625,120,-24.412095457020875
2.50390625,120,-18.23764641222074
2.75390625,120,-10.029485699756034
3.00390625,120,1.012072188140099
3.25390625,120,14.412934109301485
3.50390625,120,26.62471456197136
0.00390625,122,29.408433251810003
0.25390625,122,21.887452299304382
0.50390625,122,8.892960066473663
0.75390625,122,-3.897111011638778
1.00390625,122,-14.13327319385876
1.25390625,122,-21.952661501528507
1.50390625,122,-28.12260906687691
1.75390625,122,-33.20647405037126
2.00390625,122,-37.546176834244406
2.25390625,122,-41.35227416572381
2.50390625,122,-44.76110693478879
2.75390625,122,-47.865443203420796
3.00390625,122,-50.731162538659575
3.25390625,122,-53.40677040471804
3.50390625,122,-55.92908438422904
0.00390625,124,-58.32677245591381
0.25390625,124,-60.62262433329109
0.50390625,124,-62.83503641511019
0.75390625,124,-64.97897993173987
1.00390625,124,-67.06660405000952
1.25390625,124,-69.10755603768807
1.50390625,124,-71.10905665562731
1.75390625,124,-73.07574269350329
2.00390625,124,-75.00927843577537
2.25390625,124,-76.90775523845988
2.50390625,124,-78.76496252187141
2.75390625,124,-80.56975286439021
3.00390625,124,-82.30594980590789
3.25390625,124,-83.95348375401333
3.50390625,124,-85.49144443914645
0.00390625,126,-86.90312487518248
0.25390625,126,-88.18181732714969
0.50390625,126,-89.33492574553058
0.75390625,126,-90.38429804956463
1.00390625,126,-91.36280107386007
1.25390625,126,-92.30929699409388
1.50390625,126,-93.26457053647863
1.75390625,126,-94.26961410099082
2.00390625,126,-95.36645031873014
2.25390625,126,-96.60117313579852
2.50390625,126,-98.02902039256179
2.75390625,126,-99.72115095669977
3.00390625,126,-101.76909168158394
3.25390625,126,-104.25568343069475
3.50390625,126,-106.99706829873136
